{
  "accuracy": 0.9984813971146546,
  "precision": 0.14285714285714285,
  "recall": 1.0,
  "f1": 0.25,
  "trained_at": "2025-10-17T00:31:49.493549",
  "training_rows": 3951
}